POS,0,Anatomy,ASSOCIATES_DaG
NEG,0,Anatomy,ASSOCIATES_DaG
POS,0,Anatomy,BINDS_CbG
NEG,0,Anatomy,BINDS_CbG
POS,0,Anatomy,CAUSES_CcSE
NEG,0,Anatomy,CAUSES_CcSE
POS,0,Anatomy,COVARIES_GcG
NEG,0,Anatomy,COVARIES_GcG
POS,0,Anatomy,DOWNREGULATES_AdG
NEG,0,Anatomy,DOWNREGULATES_AdG
POS,0,Anatomy,DOWNREGULATES_CdG
NEG,0,Anatomy,DOWNREGULATES_CdG
POS,0,Anatomy,DOWNREGULATES_DdG
NEG,0,Anatomy,DOWNREGULATES_DdG
POS,0,Anatomy,EXPRESSES_AeG
NEG,0,Anatomy,EXPRESSES_AeG
POS,0,Anatomy,INCLUDES_PCiC
NEG,0,Anatomy,INCLUDES_PCiC
POS,0,Anatomy,INTERACTS_GiG
NEG,0,Anatomy,INTERACTS_GiG
POS,0,Anatomy,LOCALIZES_DlA
NEG,0,Anatomy,LOCALIZES_DlA
POS,0,Anatomy,PALLIATES_CpD
NEG,0,Anatomy,PALLIATES_CpD
POS,0,Anatomy,PARTICIPATES_GpBP
NEG,0,Anatomy,PARTICIPATES_GpBP
POS,0,Anatomy,PARTICIPATES_GpCC
NEG,0,Anatomy,PARTICIPATES_GpCC
POS,0,Anatomy,PARTICIPATES_GpMF
NEG,0,Anatomy,PARTICIPATES_GpMF
POS,0,Anatomy,PARTICIPATES_GpPW
NEG,0,Anatomy,PARTICIPATES_GpPW
POS,0,Anatomy,PRESENTS_DpS
NEG,0,Anatomy,PRESENTS_DpS
POS,0,Anatomy,REGULATES_GrG
NEG,0,Anatomy,REGULATES_GrG
POS,0,Anatomy,RESEMBLES_CrC
NEG,0,Anatomy,RESEMBLES_CrC
POS,0,Anatomy,RESEMBLES_DrD
NEG,0,Anatomy,RESEMBLES_DrD
POS,0,Anatomy,TREATS_CtD
NEG,0,Anatomy,TREATS_CtD
POS,0,Anatomy,UPREGULATES_AuG
NEG,0,Anatomy,UPREGULATES_AuG
POS,0,Anatomy,UPREGULATES_CuG
NEG,0,Anatomy,UPREGULATES_CuG
POS,0,Anatomy,UPREGULATES_DuG
NEG,0,Anatomy,UPREGULATES_DuG
POS,0,Anatomy
NEG,0,Anatomy
POS,0,BiologicalProcess,ASSOCIATES_DaG
NEG,0,BiologicalProcess,ASSOCIATES_DaG
POS,0,BiologicalProcess,BINDS_CbG
NEG,0,BiologicalProcess,BINDS_CbG
POS,0,BiologicalProcess,CAUSES_CcSE
NEG,0,BiologicalProcess,CAUSES_CcSE
POS,0,BiologicalProcess,COVARIES_GcG
NEG,0,BiologicalProcess,COVARIES_GcG
POS,0,BiologicalProcess,DOWNREGULATES_AdG
NEG,0,BiologicalProcess,DOWNREGULATES_AdG
POS,0,BiologicalProcess,DOWNREGULATES_CdG
NEG,0,BiologicalProcess,DOWNREGULATES_CdG
POS,0,BiologicalProcess,DOWNREGULATES_DdG
NEG,0,BiologicalProcess,DOWNREGULATES_DdG
POS,0,BiologicalProcess,EXPRESSES_AeG
NEG,0,BiologicalProcess,EXPRESSES_AeG
POS,0,BiologicalProcess,INCLUDES_PCiC
NEG,0,BiologicalProcess,INCLUDES_PCiC
POS,0,BiologicalProcess,INTERACTS_GiG
NEG,0,BiologicalProcess,INTERACTS_GiG
POS,0,BiologicalProcess,LOCALIZES_DlA
NEG,0,BiologicalProcess,LOCALIZES_DlA
POS,0,BiologicalProcess,PALLIATES_CpD
NEG,0,BiologicalProcess,PALLIATES_CpD
POS,0,BiologicalProcess,PARTICIPATES_GpBP
NEG,0,BiologicalProcess,PARTICIPATES_GpBP
POS,0,BiologicalProcess,PARTICIPATES_GpCC
NEG,0,BiologicalProcess,PARTICIPATES_GpCC
POS,0,BiologicalProcess,PARTICIPATES_GpMF
NEG,0,BiologicalProcess,PARTICIPATES_GpMF
POS,0,BiologicalProcess,PARTICIPATES_GpPW
NEG,0,BiologicalProcess,PARTICIPATES_GpPW
POS,0,BiologicalProcess,PRESENTS_DpS
NEG,0,BiologicalProcess,PRESENTS_DpS
POS,0,BiologicalProcess,REGULATES_GrG
NEG,0,BiologicalProcess,REGULATES_GrG
POS,0,BiologicalProcess,RESEMBLES_CrC
NEG,0,BiologicalProcess,RESEMBLES_CrC
POS,0,BiologicalProcess,RESEMBLES_DrD
NEG,0,BiologicalProcess,RESEMBLES_DrD
POS,0,BiologicalProcess,TREATS_CtD
NEG,0,BiologicalProcess,TREATS_CtD
POS,0,BiologicalProcess,UPREGULATES_AuG
NEG,0,BiologicalProcess,UPREGULATES_AuG
POS,0,BiologicalProcess,UPREGULATES_CuG
NEG,0,BiologicalProcess,UPREGULATES_CuG
POS,0,BiologicalProcess,UPREGULATES_DuG
NEG,0,BiologicalProcess,UPREGULATES_DuG
POS,0,BiologicalProcess
NEG,0,BiologicalProcess
POS,0,CellularComponent,ASSOCIATES_DaG
NEG,0,CellularComponent,ASSOCIATES_DaG
POS,0,CellularComponent,BINDS_CbG
NEG,0,CellularComponent,BINDS_CbG
POS,0,CellularComponent,CAUSES_CcSE
NEG,0,CellularComponent,CAUSES_CcSE
POS,0,CellularComponent,COVARIES_GcG
NEG,0,CellularComponent,COVARIES_GcG
POS,0,CellularComponent,DOWNREGULATES_AdG
NEG,0,CellularComponent,DOWNREGULATES_AdG
POS,0,CellularComponent,DOWNREGULATES_CdG
NEG,0,CellularComponent,DOWNREGULATES_CdG
POS,0,CellularComponent,DOWNREGULATES_DdG
NEG,0,CellularComponent,DOWNREGULATES_DdG
POS,0,CellularComponent,EXPRESSES_AeG
NEG,0,CellularComponent,EXPRESSES_AeG
POS,0,CellularComponent,INCLUDES_PCiC
NEG,0,CellularComponent,INCLUDES_PCiC
POS,0,CellularComponent,INTERACTS_GiG
NEG,0,CellularComponent,INTERACTS_GiG
POS,0,CellularComponent,LOCALIZES_DlA
NEG,0,CellularComponent,LOCALIZES_DlA
POS,0,CellularComponent,PALLIATES_CpD
NEG,0,CellularComponent,PALLIATES_CpD
POS,0,CellularComponent,PARTICIPATES_GpBP
NEG,0,CellularComponent,PARTICIPATES_GpBP
POS,0,CellularComponent,PARTICIPATES_GpCC
NEG,0,CellularComponent,PARTICIPATES_GpCC
POS,0,CellularComponent,PARTICIPATES_GpMF
NEG,0,CellularComponent,PARTICIPATES_GpMF
POS,0,CellularComponent,PARTICIPATES_GpPW
NEG,0,CellularComponent,PARTICIPATES_GpPW
POS,0,CellularComponent,PRESENTS_DpS
NEG,0,CellularComponent,PRESENTS_DpS
POS,0,CellularComponent,REGULATES_GrG
NEG,0,CellularComponent,REGULATES_GrG
POS,0,CellularComponent,RESEMBLES_CrC
NEG,0,CellularComponent,RESEMBLES_CrC
POS,0,CellularComponent,RESEMBLES_DrD
NEG,0,CellularComponent,RESEMBLES_DrD
POS,0,CellularComponent,TREATS_CtD
NEG,0,CellularComponent,TREATS_CtD
POS,0,CellularComponent,UPREGULATES_AuG
NEG,0,CellularComponent,UPREGULATES_AuG
POS,0,CellularComponent,UPREGULATES_CuG
NEG,0,CellularComponent,UPREGULATES_CuG
POS,0,CellularComponent,UPREGULATES_DuG
NEG,0,CellularComponent,UPREGULATES_DuG
POS,0,CellularComponent
NEG,0,CellularComponent
POS,0,Compound,ASSOCIATES_DaG
NEG,0,Compound,ASSOCIATES_DaG
POS,0,Compound,BINDS_CbG
NEG,0,Compound,BINDS_CbG
POS,0,Compound,CAUSES_CcSE
NEG,0,Compound,CAUSES_CcSE
POS,0,Compound,COVARIES_GcG
NEG,0,Compound,COVARIES_GcG
POS,0,Compound,DOWNREGULATES_AdG
NEG,0,Compound,DOWNREGULATES_AdG
POS,0,Compound,DOWNREGULATES_CdG
NEG,0,Compound,DOWNREGULATES_CdG
POS,0,Compound,DOWNREGULATES_DdG
NEG,0,Compound,DOWNREGULATES_DdG
POS,0,Compound,EXPRESSES_AeG
NEG,0,Compound,EXPRESSES_AeG
POS,0,Compound,INCLUDES_PCiC
NEG,0,Compound,INCLUDES_PCiC
POS,0,Compound,INTERACTS_GiG
NEG,0,Compound,INTERACTS_GiG
POS,0,Compound,LOCALIZES_DlA
NEG,0,Compound,LOCALIZES_DlA
POS,0,Compound,PALLIATES_CpD
NEG,0,Compound,PALLIATES_CpD
POS,0,Compound,PARTICIPATES_GpBP
NEG,0,Compound,PARTICIPATES_GpBP
POS,0,Compound,PARTICIPATES_GpCC
NEG,0,Compound,PARTICIPATES_GpCC
POS,0,Compound,PARTICIPATES_GpMF
NEG,0,Compound,PARTICIPATES_GpMF
POS,0,Compound,PARTICIPATES_GpPW
NEG,0,Compound,PARTICIPATES_GpPW
POS,0,Compound,PRESENTS_DpS
NEG,0,Compound,PRESENTS_DpS
POS,0,Compound,REGULATES_GrG
NEG,0,Compound,REGULATES_GrG
POS,1.0,Compound,RESEMBLES_CrC
Canagliflozin,Dapagliflozin,1,Dapagliflozin,Simvastatin,Atorvastatin,Lapatinib,Afatinib,Dexamethasone,Felodipine,Nifedipine,Valsartan,Alendronate,Losartan,Betamethasone,Enalapril,Captopril,Citalopram,Escitalopram
Dexamethasone,Betamethasone,1,Betamethasone,Simvastatin,Atorvastatin,Dapagliflozin,Canagliflozin,Citalopram,Escitalopram,Afatinib,Losartan,Lapatinib,Valsartan,Enalapril,Captopril,Alendronate,Nifedipine,Felodipine
Lapatinib,Afatinib,1,Afatinib,Simvastatin,Atorvastatin,Alendronate,Dapagliflozin,Canagliflozin,Captopril,Enalapril,Felodipine,Nifedipine,Betamethasone,Dexamethasone,Valsartan,Losartan,Citalopram,Escitalopram
Captopril,Enalapril,1,Enalapril,Atorvastatin,Simvastatin,Escitalopram,Alendronate,Lapatinib,Citalopram,Nifedipine,Felodipine,Afatinib,Betamethasone,Dexamethasone,Dapagliflozin,Canagliflozin,Losartan,Valsartan
Losartan,Valsartan,1,Valsartan,Atorvastatin,Simvastatin,Citalopram,Escitalopram,Alendronate,Dexamethasone,Dapagliflozin,Canagliflozin,Nifedipine,Betamethasone,Felodipine,Lapatinib,Enalapril,Afatinib,Captopril
Nifedipine,Felodipine,1,Felodipine,Simvastatin,Atorvastatin,Captopril,Citalopram,Escitalopram,Afatinib,Dapagliflozin,Canagliflozin,Lapatinib,Enalapril,Alendronate,Valsartan,Losartan,Betamethasone,Dexamethasone
Simvastatin,Atorvastatin,1,Atorvastatin,Nifedipine,Felodipine,Betamethasone,Dexamethasone,Enalapril,Losartan,Captopril,Valsartan,Lapatinib,Dapagliflozin,Afatinib,Citalopram,Canagliflozin,Escitalopram,Alendronate
Alendronate,Incadronate,0,Atorvastatin,Simvastatin,Lapatinib,Captopril,Enalapril,Valsartan,Losartan,Afatinib,Felodipine,Citalopram,Escitalopram,Nifedipine,Dapagliflozin,Canagliflozin,Dexamethasone,Betamethasone
Citalopram,Escitalopram,1,Escitalopram,Atorvastatin,Simvastatin,Losartan,Enalapril,Captopril,Nifedipine,Betamethasone,Felodipine,Alendronate,Valsartan,Dexamethasone,Afatinib,Lapatinib,Dapagliflozin,Canagliflozin
NEG,0.21455026455026452,Compound,RESEMBLES_CrC
Dexamethasone,Canagliflozin,3,Betamethasone,Dapagliflozin,Canagliflozin,Citalopram,Escitalopram,Afatinib,Losartan,Enalapril,Captopril,Nifedipine,Felodipine
Afatinib,Captopril,4,Dapagliflozin,Canagliflozin,Felodipine,Captopril,Nifedipine,Betamethasone,Enalapril,Dexamethasone,Losartan,Citalopram,Escitalopram
Escitalopram,Losartan,4,Citalopram,Enalapril,Captopril,Losartan,Nifedipine,Betamethasone,Felodipine,Dexamethasone,Afatinib,Dapagliflozin,Canagliflozin
Betamethasone,Enalapril,9,Dexamethasone,Citalopram,Afatinib,Escitalopram,Dapagliflozin,Canagliflozin,Losartan,Nifedipine,Enalapril,Felodipine,Captopril
Dapagliflozin,Nifedipine,5,Canagliflozin,Afatinib,Dexamethasone,Felodipine,Nifedipine,Betamethasone,Losartan,Enalapril,Captopril,Citalopram,Escitalopram
Citalopram,Felodipine,7,Escitalopram,Losartan,Enalapril,Captopril,Nifedipine,Betamethasone,Felodipine,Dexamethasone,Afatinib,Dapagliflozin,Canagliflozin
POS,0,Compound,RESEMBLES_DrD
NEG,0,Compound,RESEMBLES_DrD
POS,0,Compound,TREATS_CtD
NEG,0,Compound,TREATS_CtD
POS,0,Compound,UPREGULATES_AuG
NEG,0,Compound,UPREGULATES_AuG
POS,0,Compound,UPREGULATES_CuG
NEG,0,Compound,UPREGULATES_CuG
POS,0,Compound,UPREGULATES_DuG
NEG,0,Compound,UPREGULATES_DuG
POS,1.0,Compound
Canagliflozin,Dapagliflozin,1,Dapagliflozin,Simvastatin,Atorvastatin,Dexamethasone,Lapatinib,Felodipine,Valsartan,Afatinib,Nifedipine,Betamethasone,Losartan,Alendronate,Enalapril,Captopril,Escitalopram,Citalopram
Dexamethasone,Betamethasone,1,Betamethasone,Atorvastatin,Simvastatin,Dapagliflozin,Canagliflozin,Afatinib,Enalapril,Lapatinib,Losartan,Valsartan,Escitalopram,Citalopram,Captopril,Nifedipine,Felodipine,Alendronate
Lapatinib,Afatinib,1,Afatinib,Simvastatin,Atorvastatin,Alendronate,Dapagliflozin,Canagliflozin,Captopril,Enalapril,Valsartan,Dexamethasone,Felodipine,Nifedipine,Betamethasone,Losartan,Escitalopram,Citalopram
Captopril,Enalapril,1,Enalapril,Atorvastatin,Simvastatin,Alendronate,Lapatinib,Nifedipine,Felodipine,Afatinib,Citalopram,Escitalopram,Betamethasone,Dexamethasone,Dapagliflozin,Canagliflozin,Losartan,Valsartan
Losartan,Valsartan,1,Valsartan,Atorvastatin,Simvastatin,Escitalopram,Citalopram,Alendronate,Canagliflozin,Dapagliflozin,Dexamethasone,Betamethasone,Felodipine,Nifedipine,Lapatinib,Afatinib,Enalapril,Captopril
Nifedipine,Felodipine,1,Felodipine,Simvastatin,Atorvastatin,Escitalopram,Captopril,Citalopram,Enalapril,Afatinib,Canagliflozin,Dapagliflozin,Alendronate,Lapatinib,Betamethasone,Losartan,Valsartan,Dexamethasone
Simvastatin,Atorvastatin,1,Atorvastatin,Felodipine,Nifedipine,Dexamethasone,Betamethasone,Losartan,Valsartan,Enalapril,Escitalopram,Captopril,Lapatinib,Dapagliflozin,Citalopram,Canagliflozin,Afatinib,Alendronate
Alendronate,Incadronate,0,Atorvastatin,Simvastatin,Lapatinib,Captopril,Enalapril,Losartan,Valsartan,Escitalopram,Citalopram,Afatinib,Felodipine,Nifedipine,Canagliflozin,Dapagliflozin,Dexamethasone,Betamethasone
Citalopram,Escitalopram,1,Escitalopram,Atorvastatin,Simvastatin,Losartan,Enalapril,Nifedipine,Felodipine,Alendronate,Captopril,Valsartan,Betamethasone,Dexamethasone,Canagliflozin,Dapagliflozin,Lapatinib,Afatinib
NEG,0.2571428571428571,Compound
Dexamethasone,Canagliflozin,3,Betamethasone,Dapagliflozin,Canagliflozin,Afatinib,Enalapril,Losartan,Escitalopram,Citalopram,Captopril,Nifedipine,Felodipine
Afatinib,Captopril,7,Dapagliflozin,Dexamethasone,Felodipine,Canagliflozin,Betamethasone,Nifedipine,Captopril,Enalapril,Losartan,Escitalopram,Citalopram
Escitalopram,Losartan,2,Citalopram,Losartan,Nifedipine,Enalapril,Felodipine,Captopril,Betamethasone,Dexamethasone,Canagliflozin,Dapagliflozin,Afatinib
Betamethasone,Enalapril,6,Dexamethasone,Afatinib,Escitalopram,Citalopram,Dapagliflozin,Enalapril,Canagliflozin,Losartan,Nifedipine,Captopril,Felodipine
Dapagliflozin,Nifedipine,5,Canagliflozin,Dexamethasone,Afatinib,Felodipine,Nifedipine,Betamethasone,Losartan,Enalapril,Captopril,Escitalopram,Citalopram
Citalopram,Felodipine,5,Escitalopram,Losartan,Enalapril,Nifedipine,Felodipine,Captopril,Betamethasone,Dexamethasone,Canagliflozin,Dapagliflozin,Afatinib
POS,0,Disease,ASSOCIATES_DaG
NEG,0,Disease,ASSOCIATES_DaG
POS,0,Disease,BINDS_CbG
NEG,0,Disease,BINDS_CbG
POS,0,Disease,CAUSES_CcSE
NEG,0,Disease,CAUSES_CcSE
POS,0,Disease,COVARIES_GcG
NEG,0,Disease,COVARIES_GcG
POS,0,Disease,DOWNREGULATES_AdG
NEG,0,Disease,DOWNREGULATES_AdG
POS,0,Disease,DOWNREGULATES_CdG
NEG,0,Disease,DOWNREGULATES_CdG
POS,0,Disease,DOWNREGULATES_DdG
NEG,0,Disease,DOWNREGULATES_DdG
POS,0,Disease,EXPRESSES_AeG
NEG,0,Disease,EXPRESSES_AeG
POS,0,Disease,INCLUDES_PCiC
NEG,0,Disease,INCLUDES_PCiC
POS,0,Disease,INTERACTS_GiG
NEG,0,Disease,INTERACTS_GiG
POS,0,Disease,LOCALIZES_DlA
NEG,0,Disease,LOCALIZES_DlA
POS,1.0,Disease,PALLIATES_CpD
Dexamethasone,Betamethasone,1,Betamethasone,Nifedipine,Citalopram,Escitalopram
Nifedipine,Felodipine,0,Dexamethasone,Betamethasone,Citalopram,Escitalopram
Citalopram,Escitalopram,1,Escitalopram,Dexamethasone,Betamethasone,Nifedipine
NEG,0,Disease,PALLIATES_CpD
Dexamethasone,Canagliflozin,0,Betamethasone,Nifedipine,Citalopram,Escitalopram
Escitalopram,Losartan,0,Citalopram,Betamethasone,Dexamethasone,Nifedipine
Betamethasone,Enalapril,0,Dexamethasone,Nifedipine,Citalopram,Escitalopram
Citalopram,Felodipine,0,Escitalopram,Dexamethasone,Betamethasone,Nifedipine
POS,0,Disease,PARTICIPATES_GpBP
NEG,0,Disease,PARTICIPATES_GpBP
POS,0,Disease,PARTICIPATES_GpCC
NEG,0,Disease,PARTICIPATES_GpCC
POS,0,Disease,PARTICIPATES_GpMF
NEG,0,Disease,PARTICIPATES_GpMF
POS,0,Disease,PARTICIPATES_GpPW
NEG,0,Disease,PARTICIPATES_GpPW
POS,0,Disease,PRESENTS_DpS
NEG,0,Disease,PRESENTS_DpS
POS,0,Disease,REGULATES_GrG
NEG,0,Disease,REGULATES_GrG
POS,0,Disease,RESEMBLES_CrC
NEG,0,Disease,RESEMBLES_CrC
POS,0,Disease,RESEMBLES_DrD
NEG,0,Disease,RESEMBLES_DrD
POS,0.8222222222222222,Disease,TREATS_CtD
Dexamethasone,Betamethasone,1,Betamethasone,Citalopram,Simvastatin,Lapatinib,Alendronate,Felodipine,Losartan,Nifedipine,Valsartan,Atorvastatin,Enalapril,Captopril
Lapatinib,Afatinib,0,Citalopram,Simvastatin,Alendronate,Betamethasone,Dexamethasone,Captopril,Valsartan,Atorvastatin,Losartan,Enalapril,Nifedipine,Felodipine
Captopril,Enalapril,1,Enalapril,Simvastatin,Atorvastatin,Citalopram,Nifedipine,Valsartan,Alendronate,Felodipine,Losartan,Lapatinib,Dexamethasone,Betamethasone
Losartan,Valsartan,1,Valsartan,Simvastatin,Enalapril,Atorvastatin,Citalopram,Felodipine,Nifedipine,Alendronate,Captopril,Dexamethasone,Betamethasone,Lapatinib
Nifedipine,Felodipine,1,Felodipine,Enalapril,Simvastatin,Citalopram,Captopril,Valsartan,Losartan,Alendronate,Atorvastatin,Betamethasone,Dexamethasone,Lapatinib
Simvastatin,Atorvastatin,9,Citalopram,Dexamethasone,Betamethasone,Enalapril,Losartan,Valsartan,Nifedipine,Captopril,Atorvastatin,Felodipine,Lapatinib,Alendronate
Alendronate,Incadronate,0,Citalopram,Simvastatin,Captopril,Nifedipine,Felodipine,Lapatinib,Losartan,Dexamethasone,Betamethasone,Valsartan,Enalapril,Atorvastatin
Citalopram,Escitalopram,0,Simvastatin,Dexamethasone,Betamethasone,Alendronate,Captopril,Lapatinib,Nifedipine,Felodipine,Enalapril,Losartan,Atorvastatin,Valsartan
NEG,0.18333333333333335,Disease,TREATS_CtD
Dexamethasone,Canagliflozin,0,Betamethasone,Citalopram,Felodipine,Losartan,Nifedipine,Enalapril,Captopril
Betamethasone,Enalapril,6,Dexamethasone,Citalopram,Felodipine,Losartan,Nifedipine,Enalapril,Captopril
Citalopram,Felodipine,5,Dexamethasone,Betamethasone,Captopril,Nifedipine,Felodipine,Enalapril,Losartan
POS,0,Disease,UPREGULATES_AuG
NEG,0,Disease,UPREGULATES_AuG
POS,0,Disease,UPREGULATES_CuG
NEG,0,Disease,UPREGULATES_CuG
POS,0,Disease,UPREGULATES_DuG
NEG,0,Disease,UPREGULATES_DuG
POS,0.7777777777777777,Disease
Dexamethasone,Betamethasone,1,Betamethasone,Alendronate,Lapatinib,Citalopram,Simvastatin,Enalapril,Losartan,Atorvastatin,Escitalopram,Valsartan,Nifedipine,Captopril,Felodipine
Lapatinib,Afatinib,0,Alendronate,Dexamethasone,Citalopram,Simvastatin,Betamethasone,Escitalopram,Nifedipine,Captopril,Atorvastatin,Enalapril,Valsartan,Losartan,Felodipine
Captopril,Enalapril,3,Nifedipine,Atorvastatin,Enalapril,Alendronate,Felodipine,Simvastatin,Valsartan,Losartan,Escitalopram,Citalopram,Lapatinib,Dexamethasone,Betamethasone
Losartan,Valsartan,1,Valsartan,Alendronate,Felodipine,Atorvastatin,Escitalopram,Enalapril,Simvastatin,Captopril,Nifedipine,Citalopram,Betamethasone,Dexamethasone,Lapatinib
Nifedipine,Felodipine,3,Captopril,Alendronate,Felodipine,Enalapril,Atorvastatin,Valsartan,Simvastatin,Citalopram,Escitalopram,Losartan,Lapatinib,Dexamethasone,Betamethasone
Simvastatin,Atorvastatin,1,Atorvastatin,Captopril,Alendronate,Enalapril,Valsartan,Losartan,Nifedipine,Lapatinib,Escitalopram,Dexamethasone,Betamethasone,Felodipine,Citalopram
Alendronate,Incadronate,0,Dexamethasone,Betamethasone,Captopril,Atorvastatin,Nifedipine,Valsartan,Losartan,Enalapril,Felodipine,Citalopram,Simvastatin,Escitalopram,Lapatinib
Citalopram,Escitalopram,1,Escitalopram,Alendronate,Lapatinib,Felodipine,Nifedipine,Dexamethasone,Captopril,Betamethasone,Losartan,Valsartan,Simvastatin,Enalapril,Atorvastatin
NEG,0.5,Disease
Dexamethasone,Canagliflozin,0,Betamethasone,Citalopram,Enalapril,Losartan,Escitalopram,Nifedipine,Captopril,Felodipine
Escitalopram,Losartan,2,Citalopram,Losartan,Felodipine,Nifedipine,Captopril,Dexamethasone,Enalapril,Betamethasone
Betamethasone,Enalapril,2,Dexamethasone,Enalapril,Citalopram,Losartan,Escitalopram,Nifedipine,Felodipine,Captopril
Citalopram,Felodipine,2,Escitalopram,Felodipine,Nifedipine,Dexamethasone,Captopril,Betamethasone,Losartan,Enalapril
POS,0,Gene,ASSOCIATES_DaG
NEG,0,Gene,ASSOCIATES_DaG
POS,0.8120915032679739,Gene,BINDS_CbG
Canagliflozin,Dapagliflozin,1,Dapagliflozin,Alendronate,Captopril,Valsartan,Enalapril,Atorvastatin,Dexamethasone,Citalopram,Betamethasone,Nifedipine,Losartan,Afatinib,Escitalopram,Incadronate,Simvastatin,Lapatinib,Felodipine
Dexamethasone,Betamethasone,1,Betamethasone,Alendronate,Simvastatin,Atorvastatin,Incadronate,Dapagliflozin,Afatinib,Canagliflozin,Citalopram,Nifedipine,Escitalopram,Lapatinib,Valsartan,Felodipine,Enalapril,Losartan,Captopril
Lapatinib,Afatinib,1,Afatinib,Alendronate,Enalapril,Losartan,Felodipine,Escitalopram,Captopril,Simvastatin,Incadronate,Betamethasone,Citalopram,Valsartan,Atorvastatin,Dexamethasone,Nifedipine,Canagliflozin,Dapagliflozin
Captopril,Enalapril,1,Enalapril,Alendronate,Canagliflozin,Losartan,Citalopram,Escitalopram,Valsartan,Afatinib,Lapatinib,Atorvastatin,Dapagliflozin,Betamethasone,Felodipine,Simvastatin,Nifedipine,Dexamethasone,Incadronate
Losartan,Valsartan,4,Atorvastatin,Simvastatin,Alendronate,Valsartan,Captopril,Lapatinib,Escitalopram,Enalapril,Felodipine,Dapagliflozin,Citalopram,Canagliflozin,Nifedipine,Incadronate,Dexamethasone,Afatinib,Betamethasone
Nifedipine,Felodipine,1,Felodipine,Alendronate,Dapagliflozin,Incadronate,Citalopram,Escitalopram,Dexamethasone,Canagliflozin,Betamethasone,Afatinib,Simvastatin,Atorvastatin,Captopril,Lapatinib,Valsartan,Losartan,Enalapril
Simvastatin,Atorvastatin,1,Atorvastatin,Losartan,Alendronate,Dexamethasone,Felodipine,Valsartan,Lapatinib,Incadronate,Betamethasone,Dapagliflozin,Nifedipine,Enalapril,Canagliflozin,Captopril,Afatinib,Escitalopram,Citalopram
Alendronate,Incadronate,17,Captopril,Atorvastatin,Canagliflozin,Afatinib,Felodipine,Dapagliflozin,Enalapril,Nifedipine,Lapatinib,Betamethasone,Losartan,Valsartan,Escitalopram,Simvastatin,Dexamethasone,Citalopram,Incadronate
Citalopram,Escitalopram,1,Escitalopram,Alendronate,Dapagliflozin,Captopril,Nifedipine,Betamethasone,Enalapril,Felodipine,Dexamethasone,Losartan,Canagliflozin,Lapatinib,Atorvastatin,Incadronate,Afatinib,Simvastatin,Valsartan
NEG,0.31547619047619047,Gene,BINDS_CbG
Dexamethasone,Canagliflozin,4,Betamethasone,Dapagliflozin,Afatinib,Canagliflozin,Citalopram,Nifedipine,Escitalopram,Felodipine,Enalapril,Losartan,Captopril
Afatinib,Captopril,4,Enalapril,Betamethasone,Dexamethasone,Captopril,Felodipine,Nifedipine,Canagliflozin,Escitalopram,Citalopram,Dapagliflozin,Losartan
Escitalopram,Losartan,4,Citalopram,Captopril,Betamethasone,Losartan,Dapagliflozin,Nifedipine,Enalapril,Felodipine,Dexamethasone,Canagliflozin,Afatinib
Betamethasone,Enalapril,2,Dexamethasone,Enalapril,Afatinib,Escitalopram,Citalopram,Felodipine,Canagliflozin,Nifedipine,Captopril,Dapagliflozin,Losartan
Dapagliflozin,Nifedipine,2,Canagliflozin,Nifedipine,Citalopram,Escitalopram,Dexamethasone,Captopril,Losartan,Enalapril,Felodipine,Betamethasone,Afatinib
Citalopram,Felodipine,7,Escitalopram,Dapagliflozin,Captopril,Nifedipine,Betamethasone,Enalapril,Felodipine,Dexamethasone,Losartan,Canagliflozin,Afatinib
POS,0,Gene,CAUSES_CcSE
NEG,0,Gene,CAUSES_CcSE
POS,0,Gene,COVARIES_GcG
NEG,0,Gene,COVARIES_GcG
POS,0,Gene,DOWNREGULATES_AdG
NEG,0,Gene,DOWNREGULATES_AdG
POS,0.3987012987012987,Gene,DOWNREGULATES_CdG
Dexamethasone,Betamethasone,1,Betamethasone,Enalapril,Simvastatin,Losartan,Felodipine,Valsartan,Atorvastatin,Escitalopram,Citalopram,Afatinib,Alendronate,Lapatinib,Nifedipine,Captopril
Lapatinib,Afatinib,6,Losartan,Atorvastatin,Nifedipine,Captopril,Valsartan,Afatinib,Betamethasone,Citalopram,Dexamethasone,Escitalopram,Alendronate,Enalapril,Simvastatin,Felodipine
Captopril,Enalapril,11,Afatinib,Atorvastatin,Simvastatin,Nifedipine,Felodipine,Citalopram,Alendronate,Valsartan,Escitalopram,Lapatinib,Enalapril,Losartan,Dexamethasone,Betamethasone
Losartan,Valsartan,6,Dexamethasone,Nifedipine,Lapatinib,Betamethasone,Atorvastatin,Valsartan,Simvastatin,Enalapril,Felodipine,Alendronate,Captopril,Afatinib,Escitalopram,Citalopram
Nifedipine,Felodipine,5,Losartan,Lapatinib,Captopril,Simvastatin,Felodipine,Valsartan,Alendronate,Afatinib,Dexamethasone,Escitalopram,Enalapril,Betamethasone,Citalopram,Atorvastatin
Simvastatin,Atorvastatin,6,Afatinib,Felodipine,Dexamethasone,Escitalopram,Citalopram,Atorvastatin,Valsartan,Captopril,Betamethasone,Nifedipine,Losartan,Enalapril,Alendronate,Lapatinib
Alendronate,Incadronate,0,Escitalopram,Citalopram,Afatinib,Captopril,Enalapril,Dexamethasone,Nifedipine,Betamethasone,Simvastatin,Felodipine,Losartan,Lapatinib,Atorvastatin,Valsartan
Citalopram,Escitalopram,1,Escitalopram,Afatinib,Alendronate,Simvastatin,Betamethasone,Captopril,Dexamethasone,Lapatinib,Atorvastatin,Enalapril,Nifedipine,Felodipine,Valsartan,Losartan
NEG,0.23402777777777778,Gene,DOWNREGULATES_CdG
Dexamethasone,Canagliflozin,0,Betamethasone,Enalapril,Losartan,Felodipine,Escitalopram,Citalopram,Afatinib,Nifedipine,Captopril
Afatinib,Captopril,2,Citalopram,Captopril,Escitalopram,Felodipine,Dexamethasone,Nifedipine,Betamethasone,Enalapril,Losartan
Escitalopram,Losartan,9,Citalopram,Afatinib,Betamethasone,Dexamethasone,Captopril,Enalapril,Nifedipine,Felodipine,Losartan
Betamethasone,Enalapril,5,Dexamethasone,Losartan,Escitalopram,Citalopram,Enalapril,Afatinib,Nifedipine,Felodipine,Captopril
Citalopram,Felodipine,8,Escitalopram,Afatinib,Betamethasone,Captopril,Dexamethasone,Enalapril,Nifedipine,Felodipine,Losartan
POS,0,Gene,DOWNREGULATES_DdG
NEG,0,Gene,DOWNREGULATES_DdG
POS,0,Gene,EXPRESSES_AeG
NEG,0,Gene,EXPRESSES_AeG
POS,0,Gene,INCLUDES_PCiC
NEG,0,Gene,INCLUDES_PCiC
POS,0,Gene,INTERACTS_GiG
NEG,0,Gene,INTERACTS_GiG
POS,0,Gene,LOCALIZES_DlA
NEG,0,Gene,LOCALIZES_DlA
POS,0,Gene,PALLIATES_CpD
NEG,0,Gene,PALLIATES_CpD
POS,0,Gene,PARTICIPATES_GpBP
NEG,0,Gene,PARTICIPATES_GpBP
POS,0,Gene,PARTICIPATES_GpCC
NEG,0,Gene,PARTICIPATES_GpCC
POS,0,Gene,PARTICIPATES_GpMF
NEG,0,Gene,PARTICIPATES_GpMF
POS,0,Gene,PARTICIPATES_GpPW
NEG,0,Gene,PARTICIPATES_GpPW
POS,0,Gene,PRESENTS_DpS
NEG,0,Gene,PRESENTS_DpS
POS,0,Gene,REGULATES_GrG
NEG,0,Gene,REGULATES_GrG
POS,0,Gene,RESEMBLES_CrC
NEG,0,Gene,RESEMBLES_CrC
POS,0,Gene,RESEMBLES_DrD
NEG,0,Gene,RESEMBLES_DrD
POS,0,Gene,TREATS_CtD
NEG,0,Gene,TREATS_CtD
POS,0,Gene,UPREGULATES_AuG
NEG,0,Gene,UPREGULATES_AuG
POS,0.46645021645021645,Gene,UPREGULATES_CuG
Dexamethasone,Betamethasone,1,Betamethasone,Atorvastatin,Felodipine,Simvastatin,Enalapril,Afatinib,Valsartan,Captopril,Escitalopram,Alendronate,Citalopram,Losartan,Nifedipine,Lapatinib
Lapatinib,Afatinib,2,Losartan,Afatinib,Atorvastatin,Betamethasone,Captopril,Nifedipine,Simvastatin,Dexamethasone,Citalopram,Enalapril,Escitalopram,Valsartan,Alendronate,Felodipine
Captopril,Enalapril,3,Dexamethasone,Felodipine,Enalapril,Alendronate,Valsartan,Betamethasone,Atorvastatin,Lapatinib,Afatinib,Simvastatin,Nifedipine,Losartan,Escitalopram,Citalopram
Losartan,Valsartan,11,Citalopram,Escitalopram,Nifedipine,Lapatinib,Atorvastatin,Betamethasone,Simvastatin,Afatinib,Dexamethasone,Alendronate,Valsartan,Enalapril,Felodipine,Captopril
Nifedipine,Felodipine,11,Losartan,Escitalopram,Citalopram,Afatinib,Lapatinib,Dexamethasone,Betamethasone,Simvastatin,Valsartan,Alendronate,Felodipine,Atorvastatin,Captopril,Enalapril
Simvastatin,Atorvastatin,4,Dexamethasone,Escitalopram,Betamethasone,Atorvastatin,Citalopram,Valsartan,Losartan,Afatinib,Felodipine,Nifedipine,Lapatinib,Enalapril,Captopril,Alendronate
Alendronate,Incadronate,0,Captopril,Betamethasone,Dexamethasone,Felodipine,Enalapril,Escitalopram,Afatinib,Valsartan,Citalopram,Nifedipine,Atorvastatin,Losartan,Lapatinib,Simvastatin
Citalopram,Escitalopram,1,Escitalopram,Losartan,Betamethasone,Simvastatin,Nifedipine,Dexamethasone,Atorvastatin,Afatinib,Valsartan,Lapatinib,Alendronate,Enalapril,Felodipine,Captopril
NEG,0.2232142857142857,Gene,UPREGULATES_CuG
Dexamethasone,Canagliflozin,0,Betamethasone,Felodipine,Enalapril,Afatinib,Captopril,Escitalopram,Citalopram,Losartan,Nifedipine
Afatinib,Captopril,8,Dexamethasone,Enalapril,Betamethasone,Felodipine,Losartan,Escitalopram,Nifedipine,Captopril,Citalopram
Escitalopram,Losartan,2,Citalopram,Losartan,Betamethasone,Nifedipine,Dexamethasone,Afatinib,Enalapril,Felodipine,Captopril
Betamethasone,Enalapril,7,Dexamethasone,Citalopram,Escitalopram,Afatinib,Losartan,Captopril,Enalapril,Nifedipine,Felodipine
Citalopram,Felodipine,8,Escitalopram,Losartan,Betamethasone,Nifedipine,Dexamethasone,Afatinib,Enalapril,Felodipine,Captopril
POS,0,Gene,UPREGULATES_DuG
NEG,0,Gene,UPREGULATES_DuG
POS,0.7585470085470085,Gene
Canagliflozin,Dapagliflozin,1,Dapagliflozin,Valsartan,Atorvastatin,Simvastatin,Nifedipine,Losartan,Dexamethasone,Citalopram,Captopril,Alendronate,Escitalopram,Enalapril,Afatinib,Betamethasone,Lapatinib,Incadronate,Felodipine
Dexamethasone,Betamethasone,1,Betamethasone,Simvastatin,Incadronate,Afatinib,Canagliflozin,Alendronate,Escitalopram,Valsartan,Enalapril,Citalopram,Dapagliflozin,Lapatinib,Atorvastatin,Losartan,Captopril,Felodipine,Nifedipine
Lapatinib,Afatinib,1,Afatinib,Incadronate,Betamethasone,Citalopram,Felodipine,Simvastatin,Escitalopram,Alendronate,Dexamethasone,Atorvastatin,Captopril,Enalapril,Losartan,Valsartan,Canagliflozin,Dapagliflozin,Nifedipine
Captopril,Enalapril,4,Alendronate,Incadronate,Afatinib,Enalapril,Simvastatin,Canagliflozin,Nifedipine,Dapagliflozin,Felodipine,Citalopram,Lapatinib,Escitalopram,Valsartan,Losartan,Dexamethasone,Betamethasone,Atorvastatin
Losartan,Valsartan,2,Atorvastatin,Valsartan,Dapagliflozin,Nifedipine,Felodipine,Canagliflozin,Escitalopram,Enalapril,Citalopram,Simvastatin,Afatinib,Lapatinib,Dexamethasone,Captopril,Betamethasone,Alendronate,Incadronate
Nifedipine,Felodipine,1,Felodipine,Dapagliflozin,Atorvastatin,Losartan,Canagliflozin,Citalopram,Escitalopram,Valsartan,Captopril,Afatinib,Simvastatin,Alendronate,Incadronate,Lapatinib,Betamethasone,Enalapril,Dexamethasone
Simvastatin,Atorvastatin,13,Dexamethasone,Incadronate,Afatinib,Betamethasone,Canagliflozin,Dapagliflozin,Valsartan,Captopril,Escitalopram,Citalopram,Lapatinib,Enalapril,Atorvastatin,Losartan,Nifedipine,Felodipine,Alendronate
Alendronate,Incadronate,1,Incadronate,Captopril,Afatinib,Betamethasone,Enalapril,Dexamethasone,Lapatinib,Canagliflozin,Felodipine,Dapagliflozin,Simvastatin,Valsartan,Nifedipine,Citalopram,Escitalopram,Losartan,Atorvastatin
Citalopram,Escitalopram,1,Escitalopram,Dapagliflozin,Atorvastatin,Nifedipine,Losartan,Canagliflozin,Simvastatin,Lapatinib,Betamethasone,Felodipine,Incadronate,Dexamethasone,Captopril,Afatinib,Valsartan,Alendronate,Enalapril
NEG,0.3349206349206349,Gene
Dexamethasone,Canagliflozin,3,Betamethasone,Afatinib,Canagliflozin,Escitalopram,Enalapril,Citalopram,Dapagliflozin,Losartan,Captopril,Felodipine,Nifedipine
Afatinib,Captopril,2,Dexamethasone,Captopril,Betamethasone,Felodipine,Enalapril,Nifedipine,Dapagliflozin,Canagliflozin,Citalopram,Escitalopram,Losartan
Escitalopram,Losartan,3,Citalopram,Dapagliflozin,Losartan,Nifedipine,Betamethasone,Felodipine,Dexamethasone,Canagliflozin,Afatinib,Captopril,Enalapril
Betamethasone,Enalapril,5,Dexamethasone,Afatinib,Escitalopram,Citalopram,Enalapril,Canagliflozin,Felodipine,Dapagliflozin,Nifedipine,Losartan,Captopril
Dapagliflozin,Nifedipine,2,Canagliflozin,Nifedipine,Losartan,Citalopram,Escitalopram,Captopril,Dexamethasone,Afatinib,Enalapril,Betamethasone,Felodipine
Citalopram,Felodipine,7,Escitalopram,Dapagliflozin,Nifedipine,Losartan,Canagliflozin,Betamethasone,Felodipine,Dexamethasone,Captopril,Afatinib,Enalapril
POS,0,MolecularFunction,ASSOCIATES_DaG
NEG,0,MolecularFunction,ASSOCIATES_DaG
POS,0,MolecularFunction,BINDS_CbG
NEG,0,MolecularFunction,BINDS_CbG
POS,0,MolecularFunction,CAUSES_CcSE
NEG,0,MolecularFunction,CAUSES_CcSE
POS,0,MolecularFunction,COVARIES_GcG
NEG,0,MolecularFunction,COVARIES_GcG
POS,0,MolecularFunction,DOWNREGULATES_AdG
NEG,0,MolecularFunction,DOWNREGULATES_AdG
POS,0,MolecularFunction,DOWNREGULATES_CdG
NEG,0,MolecularFunction,DOWNREGULATES_CdG
POS,0,MolecularFunction,DOWNREGULATES_DdG
NEG,0,MolecularFunction,DOWNREGULATES_DdG
POS,0,MolecularFunction,EXPRESSES_AeG
NEG,0,MolecularFunction,EXPRESSES_AeG
POS,0,MolecularFunction,INCLUDES_PCiC
NEG,0,MolecularFunction,INCLUDES_PCiC
POS,0,MolecularFunction,INTERACTS_GiG
NEG,0,MolecularFunction,INTERACTS_GiG
POS,0,MolecularFunction,LOCALIZES_DlA
NEG,0,MolecularFunction,LOCALIZES_DlA
POS,0,MolecularFunction,PALLIATES_CpD
NEG,0,MolecularFunction,PALLIATES_CpD
POS,0,MolecularFunction,PARTICIPATES_GpBP
NEG,0,MolecularFunction,PARTICIPATES_GpBP
POS,0,MolecularFunction,PARTICIPATES_GpCC
NEG,0,MolecularFunction,PARTICIPATES_GpCC
POS,0,MolecularFunction,PARTICIPATES_GpMF
NEG,0,MolecularFunction,PARTICIPATES_GpMF
POS,0,MolecularFunction,PARTICIPATES_GpPW
NEG,0,MolecularFunction,PARTICIPATES_GpPW
POS,0,MolecularFunction,PRESENTS_DpS
NEG,0,MolecularFunction,PRESENTS_DpS
POS,0,MolecularFunction,REGULATES_GrG
NEG,0,MolecularFunction,REGULATES_GrG
POS,0,MolecularFunction,RESEMBLES_CrC
NEG,0,MolecularFunction,RESEMBLES_CrC
POS,0,MolecularFunction,RESEMBLES_DrD
NEG,0,MolecularFunction,RESEMBLES_DrD
POS,0,MolecularFunction,TREATS_CtD
NEG,0,MolecularFunction,TREATS_CtD
POS,0,MolecularFunction,UPREGULATES_AuG
NEG,0,MolecularFunction,UPREGULATES_AuG
POS,0,MolecularFunction,UPREGULATES_CuG
NEG,0,MolecularFunction,UPREGULATES_CuG
POS,0,MolecularFunction,UPREGULATES_DuG
NEG,0,MolecularFunction,UPREGULATES_DuG
POS,0,MolecularFunction
NEG,0,MolecularFunction
POS,0,Pathway,ASSOCIATES_DaG
NEG,0,Pathway,ASSOCIATES_DaG
POS,0,Pathway,BINDS_CbG
NEG,0,Pathway,BINDS_CbG
POS,0,Pathway,CAUSES_CcSE
NEG,0,Pathway,CAUSES_CcSE
POS,0,Pathway,COVARIES_GcG
NEG,0,Pathway,COVARIES_GcG
POS,0,Pathway,DOWNREGULATES_AdG
NEG,0,Pathway,DOWNREGULATES_AdG
POS,0,Pathway,DOWNREGULATES_CdG
NEG,0,Pathway,DOWNREGULATES_CdG
POS,0,Pathway,DOWNREGULATES_DdG
NEG,0,Pathway,DOWNREGULATES_DdG
POS,0,Pathway,EXPRESSES_AeG
NEG,0,Pathway,EXPRESSES_AeG
POS,0,Pathway,INCLUDES_PCiC
NEG,0,Pathway,INCLUDES_PCiC
POS,0,Pathway,INTERACTS_GiG
NEG,0,Pathway,INTERACTS_GiG
POS,0,Pathway,LOCALIZES_DlA
NEG,0,Pathway,LOCALIZES_DlA
POS,0,Pathway,PALLIATES_CpD
NEG,0,Pathway,PALLIATES_CpD
POS,0,Pathway,PARTICIPATES_GpBP
NEG,0,Pathway,PARTICIPATES_GpBP
POS,0,Pathway,PARTICIPATES_GpCC
NEG,0,Pathway,PARTICIPATES_GpCC
POS,0,Pathway,PARTICIPATES_GpMF
NEG,0,Pathway,PARTICIPATES_GpMF
POS,0,Pathway,PARTICIPATES_GpPW
NEG,0,Pathway,PARTICIPATES_GpPW
POS,0,Pathway,PRESENTS_DpS
NEG,0,Pathway,PRESENTS_DpS
POS,0,Pathway,REGULATES_GrG
NEG,0,Pathway,REGULATES_GrG
POS,0,Pathway,RESEMBLES_CrC
NEG,0,Pathway,RESEMBLES_CrC
POS,0,Pathway,RESEMBLES_DrD
NEG,0,Pathway,RESEMBLES_DrD
POS,0,Pathway,TREATS_CtD
NEG,0,Pathway,TREATS_CtD
POS,0,Pathway,UPREGULATES_AuG
NEG,0,Pathway,UPREGULATES_AuG
POS,0,Pathway,UPREGULATES_CuG
NEG,0,Pathway,UPREGULATES_CuG
POS,0,Pathway,UPREGULATES_DuG
NEG,0,Pathway,UPREGULATES_DuG
POS,0,Pathway
NEG,0,Pathway
POS,0,PharmacologicClass,ASSOCIATES_DaG
NEG,0,PharmacologicClass,ASSOCIATES_DaG
POS,0,PharmacologicClass,BINDS_CbG
NEG,0,PharmacologicClass,BINDS_CbG
POS,0,PharmacologicClass,CAUSES_CcSE
NEG,0,PharmacologicClass,CAUSES_CcSE
POS,0,PharmacologicClass,COVARIES_GcG
NEG,0,PharmacologicClass,COVARIES_GcG
POS,0,PharmacologicClass,DOWNREGULATES_AdG
NEG,0,PharmacologicClass,DOWNREGULATES_AdG
POS,0,PharmacologicClass,DOWNREGULATES_CdG
NEG,0,PharmacologicClass,DOWNREGULATES_CdG
POS,0,PharmacologicClass,DOWNREGULATES_DdG
NEG,0,PharmacologicClass,DOWNREGULATES_DdG
POS,0,PharmacologicClass,EXPRESSES_AeG
NEG,0,PharmacologicClass,EXPRESSES_AeG
POS,1.0,PharmacologicClass,INCLUDES_PCiC
Canagliflozin,Dapagliflozin,1,Dapagliflozin,Enalapril,Alendronate,Dexamethasone,Afatinib,Escitalopram,Nifedipine,Felodipine,Betamethasone,Valsartan,Losartan
Dexamethasone,Betamethasone,1,Betamethasone,Enalapril,Alendronate,Canagliflozin,Afatinib,Escitalopram,Valsartan,Losartan,Dapagliflozin,Nifedipine,Felodipine
Losartan,Valsartan,1,Valsartan,Alendronate,Enalapril,Nifedipine,Betamethasone,Felodipine,Escitalopram,Dexamethasone,Afatinib,Dapagliflozin,Canagliflozin
Nifedipine,Felodipine,1,Felodipine,Alendronate,Enalapril,Losartan,Betamethasone,Dapagliflozin,Valsartan,Canagliflozin,Afatinib,Escitalopram,Dexamethasone
Alendronate,Incadronate,0,Enalapril,Nifedipine,Felodipine,Losartan,Betamethasone,Canagliflozin,Valsartan,Dexamethasone,Afatinib,Dapagliflozin,Escitalopram
NEG,0.3333333333333333,PharmacologicClass,INCLUDES_PCiC
Dexamethasone,Canagliflozin,3,Betamethasone,Enalapril,Canagliflozin,Afatinib,Escitalopram,Losartan,Dapagliflozin,Nifedipine,Felodipine
Afatinib,Captopril,0,Enalapril,Dexamethasone,Felodipine,Dapagliflozin,Betamethasone,Canagliflozin,Escitalopram,Nifedipine,Losartan
Escitalopram,Losartan,3,Enalapril,Dapagliflozin,Losartan,Dexamethasone,Canagliflozin,Betamethasone,Afatinib,Felodipine,Nifedipine
Betamethasone,Enalapril,2,Dexamethasone,Enalapril,Losartan,Nifedipine,Afatinib,Escitalopram,Felodipine,Canagliflozin,Dapagliflozin
Dapagliflozin,Nifedipine,6,Canagliflozin,Enalapril,Felodipine,Escitalopram,Afatinib,Nifedipine,Dexamethasone,Losartan,Betamethasone
POS,0,PharmacologicClass,INTERACTS_GiG
NEG,0,PharmacologicClass,INTERACTS_GiG
POS,0,PharmacologicClass,LOCALIZES_DlA
NEG,0,PharmacologicClass,LOCALIZES_DlA
POS,0,PharmacologicClass,PALLIATES_CpD
NEG,0,PharmacologicClass,PALLIATES_CpD
POS,0,PharmacologicClass,PARTICIPATES_GpBP
NEG,0,PharmacologicClass,PARTICIPATES_GpBP
POS,0,PharmacologicClass,PARTICIPATES_GpCC
NEG,0,PharmacologicClass,PARTICIPATES_GpCC
POS,0,PharmacologicClass,PARTICIPATES_GpMF
NEG,0,PharmacologicClass,PARTICIPATES_GpMF
POS,0,PharmacologicClass,PARTICIPATES_GpPW
NEG,0,PharmacologicClass,PARTICIPATES_GpPW
POS,0,PharmacologicClass,PRESENTS_DpS
NEG,0,PharmacologicClass,PRESENTS_DpS
POS,0,PharmacologicClass,REGULATES_GrG
NEG,0,PharmacologicClass,REGULATES_GrG
POS,0,PharmacologicClass,RESEMBLES_CrC
NEG,0,PharmacologicClass,RESEMBLES_CrC
POS,0,PharmacologicClass,RESEMBLES_DrD
NEG,0,PharmacologicClass,RESEMBLES_DrD
POS,0,PharmacologicClass,TREATS_CtD
NEG,0,PharmacologicClass,TREATS_CtD
POS,0,PharmacologicClass,UPREGULATES_AuG
NEG,0,PharmacologicClass,UPREGULATES_AuG
POS,0,PharmacologicClass,UPREGULATES_CuG
NEG,0,PharmacologicClass,UPREGULATES_CuG
POS,0,PharmacologicClass,UPREGULATES_DuG
NEG,0,PharmacologicClass,UPREGULATES_DuG
POS,1.0,PharmacologicClass
Canagliflozin,Dapagliflozin,1,Dapagliflozin,Enalapril,Alendronate,Dexamethasone,Escitalopram,Afatinib,Nifedipine,Valsartan,Felodipine,Betamethasone,Losartan
Dexamethasone,Betamethasone,1,Betamethasone,Enalapril,Alendronate,Canagliflozin,Afatinib,Escitalopram,Valsartan,Losartan,Dapagliflozin,Nifedipine,Felodipine
Losartan,Valsartan,1,Valsartan,Alendronate,Enalapril,Betamethasone,Nifedipine,Felodipine,Escitalopram,Dexamethasone,Canagliflozin,Dapagliflozin,Afatinib
Nifedipine,Felodipine,1,Felodipine,Alendronate,Enalapril,Losartan,Betamethasone,Dapagliflozin,Afatinib,Valsartan,Canagliflozin,Dexamethasone,Escitalopram
Alendronate,Incadronate,0,Enalapril,Nifedipine,Felodipine,Betamethasone,Losartan,Afatinib,Canagliflozin,Valsartan,Dapagliflozin,Dexamethasone,Escitalopram
NEG,0.375,PharmacologicClass
Dexamethasone,Canagliflozin,3,Betamethasone,Enalapril,Canagliflozin,Afatinib,Escitalopram,Losartan,Dapagliflozin,Nifedipine,Felodipine
Afatinib,Captopril,0,Enalapril,Betamethasone,Felodipine,Dapagliflozin,Dexamethasone,Escitalopram,Canagliflozin,Nifedipine,Losartan
Escitalopram,Losartan,2,Enalapril,Losartan,Dapagliflozin,Canagliflozin,Dexamethasone,Afatinib,Betamethasone,Felodipine,Nifedipine
Betamethasone,Enalapril,2,Dexamethasone,Enalapril,Losartan,Afatinib,Nifedipine,Escitalopram,Felodipine,Canagliflozin,Dapagliflozin
Dapagliflozin,Nifedipine,6,Canagliflozin,Enalapril,Felodipine,Afatinib,Escitalopram,Nifedipine,Dexamethasone,Losartan,Betamethasone
POS,0,SideEffect,ASSOCIATES_DaG
NEG,0,SideEffect,ASSOCIATES_DaG
POS,0,SideEffect,BINDS_CbG
NEG,0,SideEffect,BINDS_CbG
POS,0.6428571428571429,SideEffect,CAUSES_CcSE
Canagliflozin,Dapagliflozin,1,Dapagliflozin,Nifedipine,Valsartan,Escitalopram,Dexamethasone,Citalopram,Betamethasone,Simvastatin,Alendronate,Enalapril,Lapatinib,Losartan,Afatinib,Felodipine,Captopril
Dexamethasone,Betamethasone,1,Betamethasone,Nifedipine,Citalopram,Escitalopram,Dapagliflozin,Canagliflozin,Enalapril,Alendronate,Simvastatin,Losartan,Valsartan,Afatinib,Captopril,Felodipine,Lapatinib
Lapatinib,Afatinib,1,Afatinib,Valsartan,Simvastatin,Enalapril,Nifedipine,Alendronate,Dapagliflozin,Losartan,Felodipine,Captopril,Canagliflozin,Escitalopram,Citalopram,Betamethasone,Dexamethasone
Captopril,Enalapril,4,Alendronate,Simvastatin,Valsartan,Enalapril,Nifedipine,Felodipine,Lapatinib,Losartan,Afatinib,Escitalopram,Citalopram,Dexamethasone,Canagliflozin,Dapagliflozin,Betamethasone
Losartan,Valsartan,6,Felodipine,Simvastatin,Enalapril,Alendronate,Nifedipine,Valsartan,Escitalopram,Citalopram,Afatinib,Lapatinib,Betamethasone,Dexamethasone,Captopril,Dapagliflozin,Canagliflozin
Nifedipine,Felodipine,12,Escitalopram,Canagliflozin,Losartan,Dapagliflozin,Alendronate,Enalapril,Dexamethasone,Citalopram,Simvastatin,Valsartan,Betamethasone,Felodipine,Afatinib,Lapatinib,Captopril
Simvastatin,Atorvastatin,0,Losartan,Enalapril,Alendronate,Nifedipine,Felodipine,Valsartan,Escitalopram,Citalopram,Afatinib,Lapatinib,Captopril,Dapagliflozin,Canagliflozin,Dexamethasone,Betamethasone
Alendronate,Incadronate,0,Enalapril,Losartan,Simvastatin,Felodipine,Valsartan,Nifedipine,Afatinib,Captopril,Lapatinib,Escitalopram,Dexamethasone,Betamethasone,Citalopram,Dapagliflozin,Canagliflozin
Citalopram,Escitalopram,1,Escitalopram,Nifedipine,Dexamethasone,Betamethasone,Simvastatin,Enalapril,Dapagliflozin,Losartan,Canagliflozin,Alendronate,Felodipine,Afatinib,Lapatinib,Valsartan,Captopril
NEG,0.20899470899470898,SideEffect,CAUSES_CcSE
Dexamethasone,Canagliflozin,6,Betamethasone,Nifedipine,Citalopram,Escitalopram,Dapagliflozin,Canagliflozin,Enalapril,Losartan,Afatinib,Captopril,Felodipine
Afatinib,Captopril,7,Enalapril,Nifedipine,Losartan,Felodipine,Dapagliflozin,Escitalopram,Captopril,Dexamethasone,Betamethasone,Citalopram,Canagliflozin
Escitalopram,Losartan,6,Citalopram,Nifedipine,Enalapril,Dexamethasone,Betamethasone,Losartan,Canagliflozin,Dapagliflozin,Felodipine,Afatinib,Captopril
Betamethasone,Enalapril,6,Dexamethasone,Nifedipine,Citalopram,Escitalopram,Canagliflozin,Enalapril,Dapagliflozin,Losartan,Afatinib,Felodipine,Captopril
Dapagliflozin,Nifedipine,2,Canagliflozin,Nifedipine,Dexamethasone,Citalopram,Escitalopram,Betamethasone,Enalapril,Afatinib,Losartan,Felodipine,Captopril
Citalopram,Felodipine,9,Escitalopram,Nifedipine,Dexamethasone,Betamethasone,Enalapril,Dapagliflozin,Losartan,Canagliflozin,Felodipine,Afatinib,Captopril
POS,0,SideEffect,COVARIES_GcG
NEG,0,SideEffect,COVARIES_GcG
POS,0,SideEffect,DOWNREGULATES_AdG
NEG,0,SideEffect,DOWNREGULATES_AdG
POS,0,SideEffect,DOWNREGULATES_CdG
NEG,0,SideEffect,DOWNREGULATES_CdG
POS,0,SideEffect,DOWNREGULATES_DdG
NEG,0,SideEffect,DOWNREGULATES_DdG
POS,0,SideEffect,EXPRESSES_AeG
NEG,0,SideEffect,EXPRESSES_AeG
POS,0,SideEffect,INCLUDES_PCiC
NEG,0,SideEffect,INCLUDES_PCiC
POS,0,SideEffect,INTERACTS_GiG
NEG,0,SideEffect,INTERACTS_GiG
POS,0,SideEffect,LOCALIZES_DlA
NEG,0,SideEffect,LOCALIZES_DlA
POS,0,SideEffect,PALLIATES_CpD
NEG,0,SideEffect,PALLIATES_CpD
POS,0,SideEffect,PARTICIPATES_GpBP
NEG,0,SideEffect,PARTICIPATES_GpBP
POS,0,SideEffect,PARTICIPATES_GpCC
NEG,0,SideEffect,PARTICIPATES_GpCC
POS,0,SideEffect,PARTICIPATES_GpMF
NEG,0,SideEffect,PARTICIPATES_GpMF
POS,0,SideEffect,PARTICIPATES_GpPW
NEG,0,SideEffect,PARTICIPATES_GpPW
POS,0,SideEffect,PRESENTS_DpS
NEG,0,SideEffect,PRESENTS_DpS
POS,0,SideEffect,REGULATES_GrG
NEG,0,SideEffect,REGULATES_GrG
POS,0,SideEffect,RESEMBLES_CrC
NEG,0,SideEffect,RESEMBLES_CrC
POS,0,SideEffect,RESEMBLES_DrD
NEG,0,SideEffect,RESEMBLES_DrD
POS,0,SideEffect,TREATS_CtD
NEG,0,SideEffect,TREATS_CtD
POS,0,SideEffect,UPREGULATES_AuG
NEG,0,SideEffect,UPREGULATES_AuG
POS,0,SideEffect,UPREGULATES_CuG
NEG,0,SideEffect,UPREGULATES_CuG
POS,0,SideEffect,UPREGULATES_DuG
NEG,0,SideEffect,UPREGULATES_DuG
POS,0.7252747252747253,SideEffect
Canagliflozin,Dapagliflozin,1,Dapagliflozin,Escitalopram,Nifedipine,Enalapril,Valsartan,Simvastatin,Citalopram,Dexamethasone,Betamethasone,Alendronate,Losartan,Lapatinib,Captopril,Felodipine,Afatinib
Dexamethasone,Betamethasone,1,Betamethasone,Nifedipine,Citalopram,Escitalopram,Enalapril,Alendronate,Valsartan,Losartan,Dapagliflozin,Captopril,Simvastatin,Afatinib,Canagliflozin,Lapatinib,Felodipine
Lapatinib,Afatinib,2,Valsartan,Afatinib,Nifedipine,Losartan,Dapagliflozin,Simvastatin,Enalapril,Felodipine,Captopril,Alendronate,Canagliflozin,Betamethasone,Citalopram,Escitalopram,Dexamethasone
Captopril,Enalapril,2,Nifedipine,Enalapril,Simvastatin,Valsartan,Felodipine,Alendronate,Escitalopram,Losartan,Dexamethasone,Citalopram,Afatinib,Lapatinib,Betamethasone,Canagliflozin,Dapagliflozin
Losartan,Valsartan,1,Valsartan,Felodipine,Enalapril,Alendronate,Nifedipine,Simvastatin,Escitalopram,Betamethasone,Captopril,Citalopram,Afatinib,Dapagliflozin,Dexamethasone,Lapatinib,Canagliflozin
Nifedipine,Felodipine,13,Valsartan,Escitalopram,Citalopram,Enalapril,Losartan,Captopril,Dexamethasone,Betamethasone,Dapagliflozin,Alendronate,Simvastatin,Afatinib,Felodipine,Canagliflozin,Lapatinib
Simvastatin,Atorvastatin,0,Valsartan,Nifedipine,Losartan,Enalapril,Captopril,Escitalopram,Dapagliflozin,Citalopram,Felodipine,Canagliflozin,Lapatinib,Afatinib,Dexamethasone,Betamethasone,Alendronate
Alendronate,Incadronate,0,Losartan,Enalapril,Nifedipine,Felodipine,Valsartan,Betamethasone,Captopril,Dexamethasone,Citalopram,Escitalopram,Afatinib,Dapagliflozin,Simvastatin,Canagliflozin,Lapatinib
Citalopram,Escitalopram,1,Escitalopram,Nifedipine,Dexamethasone,Betamethasone,Dapagliflozin,Simvastatin,Enalapril,Losartan,Canagliflozin,Alendronate,Captopril,Valsartan,Felodipine,Lapatinib,Afatinib
NEG,0.20595238095238097,SideEffect
Dexamethasone,Canagliflozin,10,Betamethasone,Nifedipine,Citalopram,Escitalopram,Enalapril,Losartan,Dapagliflozin,Captopril,Afatinib,Canagliflozin,Felodipine
Afatinib,Captopril,7,Nifedipine,Losartan,Enalapril,Betamethasone,Dexamethasone,Felodipine,Captopril,Dapagliflozin,Escitalopram,Citalopram,Canagliflozin
Escitalopram,Losartan,7,Nifedipine,Citalopram,Dexamethasone,Enalapril,Betamethasone,Canagliflozin,Losartan,Dapagliflozin,Captopril,Felodipine,Afatinib
Betamethasone,Enalapril,4,Dexamethasone,Nifedipine,Escitalopram,Enalapril,Citalopram,Losartan,Afatinib,Canagliflozin,Dapagliflozin,Captopril,Felodipine
Dapagliflozin,Nifedipine,2,Canagliflozin,Nifedipine,Escitalopram,Citalopram,Enalapril,Losartan,Dexamethasone,Betamethasone,Afatinib,Captopril,Felodipine
Citalopram,Felodipine,10,Escitalopram,Nifedipine,Dexamethasone,Betamethasone,Dapagliflozin,Enalapril,Losartan,Canagliflozin,Captopril,Felodipine,Afatinib
POS,0,Symptom,ASSOCIATES_DaG
NEG,0,Symptom,ASSOCIATES_DaG
POS,0,Symptom,BINDS_CbG
NEG,0,Symptom,BINDS_CbG
POS,0,Symptom,CAUSES_CcSE
NEG,0,Symptom,CAUSES_CcSE
POS,0,Symptom,COVARIES_GcG
NEG,0,Symptom,COVARIES_GcG
POS,0,Symptom,DOWNREGULATES_AdG
NEG,0,Symptom,DOWNREGULATES_AdG
POS,0,Symptom,DOWNREGULATES_CdG
NEG,0,Symptom,DOWNREGULATES_CdG
POS,0,Symptom,DOWNREGULATES_DdG
NEG,0,Symptom,DOWNREGULATES_DdG
POS,0,Symptom,EXPRESSES_AeG
NEG,0,Symptom,EXPRESSES_AeG
POS,0,Symptom,INCLUDES_PCiC
NEG,0,Symptom,INCLUDES_PCiC
POS,0,Symptom,INTERACTS_GiG
NEG,0,Symptom,INTERACTS_GiG
POS,0,Symptom,LOCALIZES_DlA
NEG,0,Symptom,LOCALIZES_DlA
POS,0,Symptom,PALLIATES_CpD
NEG,0,Symptom,PALLIATES_CpD
POS,0,Symptom,PARTICIPATES_GpBP
NEG,0,Symptom,PARTICIPATES_GpBP
POS,0,Symptom,PARTICIPATES_GpCC
NEG,0,Symptom,PARTICIPATES_GpCC
POS,0,Symptom,PARTICIPATES_GpMF
NEG,0,Symptom,PARTICIPATES_GpMF
POS,0,Symptom,PARTICIPATES_GpPW
NEG,0,Symptom,PARTICIPATES_GpPW
POS,0,Symptom,PRESENTS_DpS
NEG,0,Symptom,PRESENTS_DpS
POS,0,Symptom,REGULATES_GrG
NEG,0,Symptom,REGULATES_GrG
POS,0,Symptom,RESEMBLES_CrC
NEG,0,Symptom,RESEMBLES_CrC
POS,0,Symptom,RESEMBLES_DrD
NEG,0,Symptom,RESEMBLES_DrD
POS,0,Symptom,TREATS_CtD
NEG,0,Symptom,TREATS_CtD
POS,0,Symptom,UPREGULATES_AuG
NEG,0,Symptom,UPREGULATES_AuG
POS,0,Symptom,UPREGULATES_CuG
NEG,0,Symptom,UPREGULATES_CuG
POS,0,Symptom,UPREGULATES_DuG
NEG,0,Symptom,UPREGULATES_DuG
POS,0,Symptom
NEG,0,Symptom
POS,0,ASSOCIATES_DaG
NEG,0,ASSOCIATES_DaG
POS,0.8398692810457516,BINDS_CbG
Canagliflozin,Dapagliflozin,1,Dapagliflozin,Alendronate,Captopril,Enalapril,Valsartan,Betamethasone,Dexamethasone,Nifedipine,Citalopram,Simvastatin,Escitalopram,Afatinib,Atorvastatin,Losartan,Incadronate,Felodipine,Lapatinib
Dexamethasone,Betamethasone,1,Betamethasone,Alendronate,Simvastatin,Atorvastatin,Citalopram,Incadronate,Dapagliflozin,Afatinib,Canagliflozin,Escitalopram,Nifedipine,Felodipine,Valsartan,Lapatinib,Losartan,Enalapril,Captopril
Lapatinib,Afatinib,1,Afatinib,Alendronate,Enalapril,Losartan,Escitalopram,Felodipine,Citalopram,Captopril,Betamethasone,Atorvastatin,Incadronate,Simvastatin,Valsartan,Dexamethasone,Nifedipine,Canagliflozin,Dapagliflozin
Captopril,Enalapril,1,Enalapril,Alendronate,Canagliflozin,Valsartan,Losartan,Escitalopram,Afatinib,Citalopram,Lapatinib,Dapagliflozin,Nifedipine,Felodipine,Betamethasone,Simvastatin,Atorvastatin,Dexamethasone,Incadronate
Losartan,Valsartan,2,Simvastatin,Valsartan,Alendronate,Atorvastatin,Lapatinib,Captopril,Enalapril,Escitalopram,Felodipine,Citalopram,Dapagliflozin,Canagliflozin,Betamethasone,Dexamethasone,Afatinib,Nifedipine,Incadronate
Nifedipine,Felodipine,1,Felodipine,Alendronate,Dapagliflozin,Incadronate,Citalopram,Afatinib,Canagliflozin,Dexamethasone,Escitalopram,Captopril,Valsartan,Betamethasone,Lapatinib,Simvastatin,Enalapril,Losartan,Atorvastatin
Simvastatin,Atorvastatin,1,Atorvastatin,Losartan,Alendronate,Dexamethasone,Dapagliflozin,Felodipine,Valsartan,Canagliflozin,Citalopram,Betamethasone,Lapatinib,Escitalopram,Enalapril,Captopril,Nifedipine,Incadronate,Afatinib
Alendronate,Incadronate,17,Canagliflozin,Captopril,Afatinib,Felodipine,Valsartan,Dapagliflozin,Enalapril,Lapatinib,Citalopram,Nifedipine,Losartan,Escitalopram,Dexamethasone,Atorvastatin,Betamethasone,Simvastatin,Incadronate
Citalopram,Escitalopram,1,Escitalopram,Alendronate,Dapagliflozin,Dexamethasone,Nifedipine,Lapatinib,Captopril,Betamethasone,Canagliflozin,Felodipine,Simvastatin,Enalapril,Losartan,Atorvastatin,Incadronate,Afatinib,Valsartan
NEG,0.42083333333333334,BINDS_CbG
Dexamethasone,Canagliflozin,5,Betamethasone,Citalopram,Dapagliflozin,Afatinib,Canagliflozin,Escitalopram,Nifedipine,Felodipine,Losartan,Enalapril,Captopril
Afatinib,Captopril,1,Captopril,Enalapril,Dexamethasone,Felodipine,Nifedipine,Betamethasone,Canagliflozin,Escitalopram,Dapagliflozin,Citalopram,Losartan
Escitalopram,Losartan,5,Citalopram,Dapagliflozin,Captopril,Enalapril,Losartan,Dexamethasone,Canagliflozin,Nifedipine,Betamethasone,Felodipine,Afatinib
Betamethasone,Enalapril,2,Dexamethasone,Enalapril,Canagliflozin,Felodipine,Citalopram,Afatinib,Escitalopram,Nifedipine,Captopril,Losartan,Dapagliflozin
Dapagliflozin,Nifedipine,2,Canagliflozin,Nifedipine,Citalopram,Escitalopram,Dexamethasone,Captopril,Losartan,Felodipine,Enalapril,Afatinib,Betamethasone
Citalopram,Felodipine,8,Escitalopram,Dapagliflozin,Dexamethasone,Nifedipine,Captopril,Betamethasone,Canagliflozin,Felodipine,Enalapril,Losartan,Afatinib
POS,0.6333333333333334,CAUSES_CcSE
Canagliflozin,Dapagliflozin,1,Dapagliflozin,Nifedipine,Valsartan,Simvastatin,Escitalopram,Enalapril,Alendronate,Citalopram,Dexamethasone,Captopril,Betamethasone,Lapatinib,Felodipine,Afatinib,Losartan
Dexamethasone,Betamethasone,1,Betamethasone,Citalopram,Escitalopram,Enalapril,Nifedipine,Simvastatin,Alendronate,Losartan,Afatinib,Dapagliflozin,Canagliflozin,Valsartan,Felodipine,Lapatinib,Captopril
Lapatinib,Afatinib,2,Valsartan,Afatinib,Nifedipine,Dapagliflozin,Simvastatin,Felodipine,Enalapril,Canagliflozin,Escitalopram,Losartan,Alendronate,Captopril,Citalopram,Betamethasone,Dexamethasone
Captopril,Enalapril,2,Simvastatin,Enalapril,Valsartan,Felodipine,Escitalopram,Nifedipine,Dapagliflozin,Canagliflozin,Alendronate,Citalopram,Afatinib,Lapatinib,Dexamethasone,Losartan,Betamethasone
Losartan,Valsartan,10,Enalapril,Nifedipine,Escitalopram,Simvastatin,Felodipine,Citalopram,Alendronate,Dexamethasone,Betamethasone,Valsartan,Afatinib,Lapatinib,Dapagliflozin,Captopril,Canagliflozin
Nifedipine,Felodipine,3,Valsartan,Escitalopram,Felodipine,Dapagliflozin,Enalapril,Citalopram,Simvastatin,Afatinib,Losartan,Alendronate,Dexamethasone,Canagliflozin,Lapatinib,Betamethasone,Captopril
Simvastatin,Atorvastatin,0,Enalapril,Valsartan,Felodipine,Escitalopram,Nifedipine,Citalopram,Losartan,Dapagliflozin,Afatinib,Dexamethasone,Captopril,Betamethasone,Canagliflozin,Alendronate,Lapatinib
Alendronate,Incadronate,0,Nifedipine,Valsartan,Enalapril,Dexamethasone,Losartan,Felodipine,Citalopram,Betamethasone,Simvastatin,Escitalopram,Dapagliflozin,Afatinib,Canagliflozin,Captopril,Lapatinib
Citalopram,Escitalopram,1,Escitalopram,Nifedipine,Enalapril,Dexamethasone,Simvastatin,Betamethasone,Losartan,Alendronate,Dapagliflozin,Felodipine,Canagliflozin,Valsartan,Captopril,Afatinib,Lapatinib
NEG,0.20046296296296295,CAUSES_CcSE
Dexamethasone,Canagliflozin,9,Betamethasone,Citalopram,Escitalopram,Enalapril,Nifedipine,Losartan,Afatinib,Dapagliflozin,Canagliflozin,Felodipine,Captopril
Afatinib,Captopril,10,Nifedipine,Felodipine,Enalapril,Escitalopram,Dapagliflozin,Dexamethasone,Betamethasone,Losartan,Citalopram,Captopril,Canagliflozin
Escitalopram,Losartan,6,Nifedipine,Citalopram,Enalapril,Dexamethasone,Betamethasone,Losartan,Felodipine,Dapagliflozin,Afatinib,Canagliflozin,Captopril
Betamethasone,Enalapril,5,Dexamethasone,Escitalopram,Nifedipine,Citalopram,Enalapril,Losartan,Afatinib,Canagliflozin,Dapagliflozin,Felodipine,Captopril
Dapagliflozin,Nifedipine,2,Canagliflozin,Nifedipine,Enalapril,Escitalopram,Afatinib,Citalopram,Felodipine,Dexamethasone,Captopril,Betamethasone,Losartan
Citalopram,Felodipine,8,Escitalopram,Nifedipine,Enalapril,Dexamethasone,Betamethasone,Losartan,Dapagliflozin,Felodipine,Canagliflozin,Captopril,Afatinib
POS,0,COVARIES_GcG
NEG,0,COVARIES_GcG
POS,0,DOWNREGULATES_AdG
NEG,0,DOWNREGULATES_AdG
POS,0.5145743145743146,DOWNREGULATES_CdG
Dexamethasone,Betamethasone,1,Betamethasone,Enalapril,Losartan,Felodipine,Afatinib,Simvastatin,Valsartan,Atorvastatin,Alendronate,Escitalopram,Lapatinib,Nifedipine,Citalopram,Captopril
Lapatinib,Afatinib,5,Losartan,Betamethasone,Nifedipine,Atorvastatin,Afatinib,Valsartan,Captopril,Dexamethasone,Simvastatin,Citalopram,Escitalopram,Alendronate,Enalapril,Felodipine
Captopril,Enalapril,11,Afatinib,Citalopram,Nifedipine,Felodipine,Escitalopram,Valsartan,Simvastatin,Alendronate,Atorvastatin,Lapatinib,Enalapril,Dexamethasone,Betamethasone,Losartan
Losartan,Valsartan,9,Dexamethasone,Lapatinib,Betamethasone,Nifedipine,Atorvastatin,Enalapril,Simvastatin,Afatinib,Valsartan,Alendronate,Felodipine,Escitalopram,Citalopram,Captopril
Nifedipine,Felodipine,5,Captopril,Lapatinib,Losartan,Alendronate,Felodipine,Valsartan,Simvastatin,Dexamethasone,Escitalopram,Afatinib,Citalopram,Betamethasone,Enalapril,Atorvastatin
Simvastatin,Atorvastatin,1,Atorvastatin,Afatinib,Felodipine,Dexamethasone,Citalopram,Escitalopram,Captopril,Valsartan,Betamethasone,Losartan,Enalapril,Lapatinib,Nifedipine,Alendronate
Alendronate,Incadronate,0,Escitalopram,Citalopram,Afatinib,Nifedipine,Captopril,Betamethasone,Dexamethasone,Losartan,Enalapril,Felodipine,Lapatinib,Valsartan,Simvastatin,Atorvastatin
Citalopram,Escitalopram,1,Escitalopram,Afatinib,Alendronate,Captopril,Simvastatin,Betamethasone,Dexamethasone,Lapatinib,Nifedipine,Felodipine,Enalapril,Atorvastatin,Losartan,Valsartan
NEG,0.1884920634920635,DOWNREGULATES_CdG
Dexamethasone,Canagliflozin,0,Betamethasone,Enalapril,Losartan,Felodipine,Afatinib,Escitalopram,Nifedipine,Citalopram,Captopril
Afatinib,Captopril,4,Betamethasone,Citalopram,Dexamethasone,Captopril,Escitalopram,Felodipine,Losartan,Enalapril,Nifedipine
Escitalopram,Losartan,9,Citalopram,Afatinib,Captopril,Betamethasone,Dexamethasone,Nifedipine,Enalapril,Felodipine,Losartan
Betamethasone,Enalapril,4,Dexamethasone,Losartan,Afatinib,Enalapril,Escitalopram,Citalopram,Felodipine,Nifedipine,Captopril
Citalopram,Felodipine,7,Escitalopram,Afatinib,Captopril,Betamethasone,Dexamethasone,Nifedipine,Felodipine,Enalapril,Losartan
POS,0,DOWNREGULATES_DdG
NEG,0,DOWNREGULATES_DdG
POS,0,EXPRESSES_AeG
NEG,0,EXPRESSES_AeG
POS,1.0,INCLUDES_PCiC
Canagliflozin,Dapagliflozin,1,Dapagliflozin,Enalapril,Alendronate,Dexamethasone,Escitalopram,Afatinib,Felodipine,Nifedipine,Valsartan,Betamethasone,Losartan
Dexamethasone,Betamethasone,1,Betamethasone,Enalapril,Alendronate,Canagliflozin,Afatinib,Escitalopram,Valsartan,Losartan,Dapagliflozin,Nifedipine,Felodipine
Losartan,Valsartan,1,Valsartan,Alendronate,Enalapril,Betamethasone,Felodipine,Nifedipine,Escitalopram,Dexamethasone,Afatinib,Dapagliflozin,Canagliflozin
Nifedipine,Felodipine,1,Felodipine,Alendronate,Enalapril,Losartan,Betamethasone,Dapagliflozin,Afatinib,Valsartan,Canagliflozin,Dexamethasone,Escitalopram
Alendronate,Incadronate,0,Enalapril,Felodipine,Nifedipine,Losartan,Betamethasone,Valsartan,Afatinib,Dexamethasone,Canagliflozin,Dapagliflozin,Escitalopram
NEG,0.3333333333333333,INCLUDES_PCiC
Dexamethasone,Canagliflozin,3,Betamethasone,Enalapril,Canagliflozin,Afatinib,Escitalopram,Losartan,Dapagliflozin,Nifedipine,Felodipine
Afatinib,Captopril,0,Enalapril,Dexamethasone,Felodipine,Betamethasone,Dapagliflozin,Escitalopram,Canagliflozin,Nifedipine,Losartan
Escitalopram,Losartan,3,Enalapril,Dapagliflozin,Losartan,Canagliflozin,Dexamethasone,Afatinib,Betamethasone,Felodipine,Nifedipine
Betamethasone,Enalapril,2,Dexamethasone,Enalapril,Losartan,Nifedipine,Afatinib,Escitalopram,Felodipine,Canagliflozin,Dapagliflozin
Dapagliflozin,Nifedipine,6,Canagliflozin,Enalapril,Felodipine,Escitalopram,Afatinib,Nifedipine,Dexamethasone,Losartan,Betamethasone
POS,0,INTERACTS_GiG
NEG,0,INTERACTS_GiG
POS,0,LOCALIZES_DlA
NEG,0,LOCALIZES_DlA
POS,1.0,PALLIATES_CpD
Dexamethasone,Betamethasone,1,Betamethasone,Nifedipine,Citalopram,Escitalopram
Nifedipine,Felodipine,0,Betamethasone,Dexamethasone,Escitalopram,Citalopram
Citalopram,Escitalopram,1,Escitalopram,Dexamethasone,Betamethasone,Nifedipine
NEG,0,PALLIATES_CpD
Dexamethasone,Canagliflozin,0,Betamethasone,Nifedipine,Citalopram,Escitalopram
Escitalopram,Losartan,0,Citalopram,Betamethasone,Dexamethasone,Nifedipine
Betamethasone,Enalapril,0,Dexamethasone,Nifedipine,Citalopram,Escitalopram
Citalopram,Felodipine,0,Escitalopram,Dexamethasone,Betamethasone,Nifedipine
POS,0,PARTICIPATES_GpBP
NEG,0,PARTICIPATES_GpBP
POS,0,PARTICIPATES_GpCC
NEG,0,PARTICIPATES_GpCC
POS,0,PARTICIPATES_GpMF
NEG,0,PARTICIPATES_GpMF
POS,0,PARTICIPATES_GpPW
NEG,0,PARTICIPATES_GpPW
POS,0,PRESENTS_DpS
NEG,0,PRESENTS_DpS
POS,0,REGULATES_GrG
NEG,0,REGULATES_GrG
POS,1.0,RESEMBLES_CrC
Canagliflozin,Dapagliflozin,1,Dapagliflozin,Afatinib,Simvastatin,Atorvastatin,Dexamethasone,Felodipine,Alendronate,Enalapril,Nifedipine,Betamethasone,Lapatinib,Captopril,Valsartan,Losartan,Escitalopram,Citalopram
Dexamethasone,Betamethasone,1,Betamethasone,Simvastatin,Atorvastatin,Dapagliflozin,Canagliflozin,Afatinib,Lapatinib,Losartan,Valsartan,Escitalopram,Citalopram,Alendronate,Enalapril,Captopril,Felodipine,Nifedipine
Lapatinib,Afatinib,1,Afatinib,Simvastatin,Captopril,Atorvastatin,Enalapril,Alendronate,Dexamethasone,Valsartan,Canagliflozin,Betamethasone,Losartan,Dapagliflozin,Felodipine,Nifedipine,Escitalopram,Citalopram
Captopril,Enalapril,1,Enalapril,Atorvastatin,Lapatinib,Simvastatin,Afatinib,Alendronate,Nifedipine,Felodipine,Escitalopram,Citalopram,Canagliflozin,Dapagliflozin,Betamethasone,Dexamethasone,Losartan,Valsartan
Losartan,Valsartan,1,Valsartan,Atorvastatin,Simvastatin,Citalopram,Escitalopram,Alendronate,Nifedipine,Dexamethasone,Felodipine,Lapatinib,Betamethasone,Afatinib,Enalapril,Dapagliflozin,Captopril,Canagliflozin
Nifedipine,Felodipine,1,Felodipine,Simvastatin,Atorvastatin,Citalopram,Escitalopram,Captopril,Afatinib,Canagliflozin,Dapagliflozin,Enalapril,Losartan,Valsartan,Alendronate,Lapatinib,Betamethasone,Dexamethasone
Simvastatin,Atorvastatin,1,Atorvastatin,Dexamethasone,Felodipine,Nifedipine,Betamethasone,Losartan,Valsartan,Lapatinib,Enalapril,Escitalopram,Citalopram,Afatinib,Captopril,Dapagliflozin,Canagliflozin,Alendronate
Alendronate,Incadronate,0,Atorvastatin,Simvastatin,Captopril,Enalapril,Citalopram,Escitalopram,Lapatinib,Losartan,Canagliflozin,Valsartan,Dapagliflozin,Felodipine,Afatinib,Nifedipine,Dexamethasone,Betamethasone
Citalopram,Escitalopram,1,Escitalopram,Atorvastatin,Simvastatin,Losartan,Valsartan,Nifedipine,Felodipine,Alendronate,Enalapril,Betamethasone,Captopril,Dexamethasone,Lapatinib,Dapagliflozin,Canagliflozin,Afatinib
NEG,0.2861111111111111,RESEMBLES_CrC
Dexamethasone,Canagliflozin,3,Betamethasone,Dapagliflozin,Canagliflozin,Afatinib,Losartan,Escitalopram,Citalopram,Enalapril,Captopril,Felodipine,Nifedipine
Afatinib,Captopril,3,Canagliflozin,Dapagliflozin,Captopril,Dexamethasone,Enalapril,Felodipine,Betamethasone,Nifedipine,Losartan,Escitalopram,Citalopram
Escitalopram,Losartan,2,Citalopram,Losartan,Nifedipine,Felodipine,Betamethasone,Enalapril,Captopril,Dexamethasone,Dapagliflozin,Canagliflozin,Afatinib
Betamethasone,Enalapril,10,Dexamethasone,Escitalopram,Afatinib,Citalopram,Dapagliflozin,Canagliflozin,Losartan,Felodipine,Nifedipine,Enalapril,Captopril
Dapagliflozin,Nifedipine,5,Canagliflozin,Afatinib,Dexamethasone,Felodipine,Nifedipine,Enalapril,Betamethasone,Captopril,Losartan,Escitalopram,Citalopram
Citalopram,Felodipine,4,Escitalopram,Losartan,Nifedipine,Felodipine,Enalapril,Betamethasone,Captopril,Dexamethasone,Dapagliflozin,Canagliflozin,Afatinib
POS,0,RESEMBLES_DrD
NEG,0,RESEMBLES_DrD
POS,0.6583333333333333,TREATS_CtD
Dexamethasone,Betamethasone,1,Betamethasone,Citalopram,Simvastatin,Nifedipine,Lapatinib,Alendronate,Felodipine,Atorvastatin,Captopril,Valsartan,Losartan,Enalapril
Lapatinib,Afatinib,0,Citalopram,Simvastatin,Nifedipine,Betamethasone,Dexamethasone,Alendronate,Captopril,Losartan,Valsartan,Atorvastatin,Enalapril,Felodipine
Captopril,Enalapril,1,Enalapril,Nifedipine,Simvastatin,Atorvastatin,Citalopram,Alendronate,Losartan,Felodipine,Valsartan,Lapatinib,Dexamethasone,Betamethasone
Losartan,Valsartan,1,Valsartan,Simvastatin,Nifedipine,Atorvastatin,Enalapril,Citalopram,Felodipine,Alendronate,Captopril,Lapatinib,Dexamethasone,Betamethasone
Nifedipine,Felodipine,8,Citalopram,Simvastatin,Dexamethasone,Betamethasone,Alendronate,Losartan,Captopril,Felodipine,Enalapril,Valsartan,Atorvastatin,Lapatinib
Simvastatin,Atorvastatin,6,Nifedipine,Citalopram,Dexamethasone,Betamethasone,Losartan,Atorvastatin,Enalapril,Captopril,Valsartan,Lapatinib,Felodipine,Alendronate
Alendronate,Incadronate,0,Nifedipine,Citalopram,Simvastatin,Captopril,Losartan,Felodipine,Valsartan,Lapatinib,Dexamethasone,Betamethasone,Enalapril,Atorvastatin
Citalopram,Escitalopram,0,Nifedipine,Simvastatin,Dexamethasone,Betamethasone,Alendronate,Captopril,Lapatinib,Felodipine,Losartan,Enalapril,Atorvastatin,Valsartan
NEG,0.18333333333333335,TREATS_CtD
Dexamethasone,Canagliflozin,0,Betamethasone,Citalopram,Nifedipine,Felodipine,Captopril,Losartan,Enalapril
Betamethasone,Enalapril,6,Dexamethasone,Citalopram,Nifedipine,Felodipine,Losartan,Enalapril,Captopril
Citalopram,Felodipine,5,Nifedipine,Dexamethasone,Betamethasone,Captopril,Felodipine,Losartan,Enalapril
POS,0,UPREGULATES_AuG
NEG,0,UPREGULATES_AuG
POS,0.3916666666666666,UPREGULATES_CuG
Dexamethasone,Betamethasone,1,Betamethasone,Simvastatin,Felodipine,Atorvastatin,Enalapril,Escitalopram,Valsartan,Citalopram,Afatinib,Nifedipine,Losartan,Captopril,Alendronate,Lapatinib
Lapatinib,Afatinib,5,Losartan,Nifedipine,Citalopram,Valsartan,Afatinib,Betamethasone,Escitalopram,Alendronate,Atorvastatin,Captopril,Simvastatin,Dexamethasone,Felodipine,Enalapril
Captopril,Enalapril,4,Alendronate,Betamethasone,Valsartan,Enalapril,Atorvastatin,Dexamethasone,Nifedipine,Felodipine,Lapatinib,Simvastatin,Afatinib,Losartan,Escitalopram,Citalopram
Losartan,Valsartan,12,Citalopram,Escitalopram,Lapatinib,Nifedipine,Simvastatin,Betamethasone,Dexamethasone,Afatinib,Atorvastatin,Enalapril,Alendronate,Valsartan,Felodipine,Captopril
Nifedipine,Felodipine,12,Losartan,Betamethasone,Lapatinib,Simvastatin,Escitalopram,Dexamethasone,Afatinib,Alendronate,Citalopram,Enalapril,Captopril,Felodipine,Valsartan,Atorvastatin
Simvastatin,Atorvastatin,8,Dexamethasone,Escitalopram,Enalapril,Citalopram,Betamethasone,Felodipine,Losartan,Atorvastatin,Afatinib,Nifedipine,Valsartan,Lapatinib,Captopril,Alendronate
Alendronate,Incadronate,0,Captopril,Betamethasone,Afatinib,Enalapril,Nifedipine,Lapatinib,Dexamethasone,Valsartan,Atorvastatin,Felodipine,Losartan,Simvastatin,Citalopram,Escitalopram
Citalopram,Escitalopram,1,Escitalopram,Losartan,Simvastatin,Betamethasone,Dexamethasone,Afatinib,Lapatinib,Nifedipine,Atorvastatin,Felodipine,Enalapril,Valsartan,Alendronate,Captopril
NEG,0.23015873015873017,UPREGULATES_CuG
Dexamethasone,Canagliflozin,0,Betamethasone,Felodipine,Enalapril,Escitalopram,Citalopram,Afatinib,Nifedipine,Losartan,Captopril
Afatinib,Captopril,9,Dexamethasone,Felodipine,Citalopram,Escitalopram,Enalapril,Nifedipine,Betamethasone,Losartan,Captopril
Escitalopram,Losartan,2,Citalopram,Losartan,Betamethasone,Dexamethasone,Afatinib,Nifedipine,Felodipine,Enalapril,Captopril
Betamethasone,Enalapril,6,Dexamethasone,Escitalopram,Citalopram,Losartan,Nifedipine,Enalapril,Captopril,Afatinib,Felodipine
Citalopram,Felodipine,7,Escitalopram,Losartan,Betamethasone,Dexamethasone,Afatinib,Nifedipine,Felodipine,Enalapril,Captopril
POS,0,UPREGULATES_DuG
NEG,0,UPREGULATES_DuG
POS,0.48518518518518516
Canagliflozin,Dapagliflozin,2,Valsartan,Dapagliflozin,Lapatinib,Enalapril,Simvastatin,Nifedipine,Losartan,Afatinib,Atorvastatin,Felodipine,Citalopram,Captopril,Escitalopram,Betamethasone,Alendronate,Dexamethasone,Incadronate
Dexamethasone,Betamethasone,1,Betamethasone,Incadronate,Citalopram,Enalapril,Afatinib,Simvastatin,Escitalopram,Captopril,Alendronate,Nifedipine,Valsartan,Atorvastatin,Dapagliflozin,Losartan,Canagliflozin,Felodipine,Lapatinib
Lapatinib,Afatinib,5,Valsartan,Canagliflozin,Losartan,Enalapril,Afatinib,Atorvastatin,Simvastatin,Dapagliflozin,Nifedipine,Felodipine,Citalopram,Captopril,Betamethasone,Alendronate,Escitalopram,Dexamethasone,Incadronate
Captopril,Enalapril,2,Incadronate,Enalapril,Escitalopram,Nifedipine,Afatinib,Simvastatin,Alendronate,Citalopram,Dexamethasone,Felodipine,Dapagliflozin,Betamethasone,Valsartan,Canagliflozin,Lapatinib,Losartan,Atorvastatin
Losartan,Valsartan,1,Valsartan,Atorvastatin,Felodipine,Lapatinib,Enalapril,Afatinib,Simvastatin,Nifedipine,Canagliflozin,Citalopram,Dapagliflozin,Alendronate,Captopril,Dexamethasone,Betamethasone,Escitalopram,Incadronate
Nifedipine,Felodipine,4,Enalapril,Citalopram,Afatinib,Felodipine,Captopril,Escitalopram,Simvastatin,Valsartan,Alendronate,Canagliflozin,Incadronate,Dapagliflozin,Losartan,Lapatinib,Dexamethasone,Betamethasone,Atorvastatin
Simvastatin,Atorvastatin,12,Enalapril,Afatinib,Valsartan,Escitalopram,Nifedipine,Captopril,Citalopram,Canagliflozin,Felodipine,Losartan,Dexamethasone,Atorvastatin,Lapatinib,Dapagliflozin,Betamethasone,Incadronate,Alendronate
Alendronate,Incadronate,2,Captopril,Incadronate,Citalopram,Nifedipine,Enalapril,Betamethasone,Afatinib,Dexamethasone,Escitalopram,Felodipine,Losartan,Valsartan,Simvastatin,Dapagliflozin,Canagliflozin,Lapatinib,Atorvastatin
Citalopram,Escitalopram,3,Enalapril,Nifedipine,Escitalopram,Dexamethasone,Captopril,Simvastatin,Betamethasone,Afatinib,Incadronate,Alendronate,Felodipine,Losartan,Dapagliflozin,Canagliflozin,Valsartan,Lapatinib,Atorvastatin
NEG,0.1970959595959596
Dexamethasone,Canagliflozin,10,Betamethasone,Citalopram,Enalapril,Afatinib,Escitalopram,Captopril,Nifedipine,Dapagliflozin,Losartan,Canagliflozin,Felodipine
Afatinib,Captopril,3,Enalapril,Nifedipine,Captopril,Felodipine,Losartan,Escitalopram,Citalopram,Dexamethasone,Betamethasone,Canagliflozin,Dapagliflozin
Escitalopram,Losartan,11,Captopril,Citalopram,Nifedipine,Enalapril,Afatinib,Dexamethasone,Betamethasone,Felodipine,Dapagliflozin,Canagliflozin,Losartan
Betamethasone,Enalapril,5,Dexamethasone,Citalopram,Escitalopram,Afatinib,Enalapril,Nifedipine,Captopril,Felodipine,Losartan,Canagliflozin,Dapagliflozin
Dapagliflozin,Nifedipine,3,Canagliflozin,Enalapril,Nifedipine,Afatinib,Captopril,Escitalopram,Citalopram,Losartan,Felodipine,Dexamethasone,Betamethasone
Citalopram,Felodipine,8,Enalapril,Nifedipine,Escitalopram,Dexamethasone,Captopril,Betamethasone,Afatinib,Felodipine,Losartan,Dapagliflozin,Canagliflozin
